gender,name.title,name.first,name.last,location.street.number,location.street.name,location.city,location.state,location.country,location.postcode,location.coordinates.latitude,location.coordinates.longitude,location.timezone.offset,location.timezone.description,email,login.uuid,login.username,login.password,login.salt,login.md5,login.sha1,login.sha256,dob.date,dob.age,registered.date,registered.age,phone,cell,id.name,id.value,picture.large,picture.medium,picture.thumbnail,nat
female,Miss,Ramona,Stanley,4958,Royal Ln,Chula Vista,Utah,United States,42614,57.356,102.8495,-12:00,"Eniwetok, Kwajalein",ramona.stanley@example.com,d307b2d5-0d9d-48b0-82e4-36f1a846dcc0,greenswan800,0\@G9+aO_,d3M2FTdI,9f940d0f800354e7cfa02f310e13f7b5,533db21dac6bdf8f3ec19468be33c1c39a1518bb,a6ebb775c557004885807fa8955b054ac0ac7f0abd1597fe6a47a6705c4ec360,1985-08-15T15:41:20.951Z,37,2002-11-17T11:55:45.622Z,20,(430)-210-0010,(334)-473-6822,SSN,842-96-5589,https://randomuser.me/api/portraits/women/87.jpg,https://randomuser.me/api/portraits/med/women/87.jpg,https://randomuser.me/api/portraits/thumb/women/87.jpg,US
female,Miss,Jill,Reid,897,Plum St,Riverside,Nevada,United States,42186,72.7906,-15.2934,-8:00,Pacific Time (US & Canada),jill.reid@example.com,50420002-0456-47b6-ad33-d74fb98de77b,greenelephant142,6~LOI9cG){Pu x>8,gvb6vIfI,f5c4eb0c10dd2cfb5a4732a36496f83a,fcda2c70b7ea0fa16fe3564cc6bef937cb3e2de4,5a87fdb4a870bdd2d46ca73700e64a6f7d269061b8d3c4de7a691c73d011389b,1975-04-26T03:02:21.816Z,47,2002-10-03T17:32:27.146Z,20,(072)-081-7506,(102)-240-7166,SSN,001-82-1878,https://randomuser.me/api/portraits/women/80.jpg,https://randomuser.me/api/portraits/med/women/80.jpg,https://randomuser.me/api/portraits/thumb/women/80.jpg,US
female,Miss,Ella,Bryant,1226,Depaul Dr,Billings,Pennsylvania,United States,31837,-68.2463,-122.6327,+4:00,"Abu Dhabi, Muscat, Baku, Tbilisi",ella.bryant@example.com,19b85150-e581-48ff-9776-fa6158d0d3f5,crazydog578,prLHha87,vByawJAr,5288ce1c438137248cc5ba4a8e2d0fda,dbdc42cde2aba6ac372f339ff7a2981e04910a11,0bfe5c5f648edb872b0ec68905306ff60d9a1db9816165dcd2d964610488a43c,1995-05-04T08:49:18.213Z,27,2012-06-20T06:03:42.287Z,10,(175)-019-2461,(690)-646-3409,SSN,732-96-1184,https://randomuser.me/api/portraits/women/91.jpg,https://randomuser.me/api/portraits/med/women/91.jpg,https://randomuser.me/api/portraits/thumb/women/91.jpg,US
female,Miss,Beatrice,Rivera,7867,White Oak Dr,Lincoln,Wisconsin,United States,54988,-43.6872,-162.8246,-12:00,"Eniwetok, Kwajalein",beatrice.rivera@example.com,90d1b30c-2b80-4921-b470-c199002e32dc,sadfrog916,=(sxtEJsw}a,pEz5wtHA,1abc7baca30785dd8f015ec4a95be7b9,6f6a03156518acb29db7f294f599e5ba53992b58,949c141bf297d254c7899a736f031fe781399d916515093951c4fe91bdb3a263,1959-11-30T07:15:28.413Z,63,2013-07-13T20:44:04.631Z,9,(090)-947-0233,(793)-397-6090,SSN,891-89-7225,https://randomuser.me/api/portraits/women/45.jpg,https://randomuser.me/api/portraits/med/women/45.jpg,https://randomuser.me/api/portraits/thumb/women/45.jpg,US
female,Mrs,Kylie,Hale,2830,Washington Ave,Chicago,Florida,United States,62086,63.402,-79.3426,+2:00,"Kaliningrad, South Africa",kylie.hale@example.com,4109121b-3576-4059-a40c-c76baff428e9,ticklishsnake786,jz[w~af yRoYal<,WGZtODqs,8438bbf0077e374784c861da1bdbb323,335df750cef7079779c93a39ca8ae659f6b3d4de,ecfa1a10dd08e0f8c11d355711f98cef04319ed9fc5f9f3a448832f3eca1125e,1981-10-11T19:18:00.390Z,41,2005-03-19T09:32:10.404Z,17,(335)-576-5750,(724)-465-5254,SSN,087-35-6329,https://randomuser.me/api/portraits/women/15.jpg,https://randomuser.me/api/portraits/med/women/15.jpg,https://randomuser.me/api/portraits/thumb/women/15.jpg,US
female,Ms,Esther,Wright,7586,Fairview St,Paterson,New Hampshire,United States,46794,79.6963,-142.5329,-3:00,"Brazil, Buenos Aires, Georgetown",esther.wright@example.com,b802f37b-19f1-4a6a-a60f-b54fb33d6a1c,beautifulswan513,l6%gFn+yr,KD43o1nK,d68bb3a28d69aa949207d3176a10d61b,148e7d867147d581b9c80d869412089542a60fc3,93a3df7c52755a4953835d679045ec768b97647168a085970223c1963d33357f,1954-06-23T05:24:48.742Z,68,2014-09-09T11:25:07.568Z,8,(505)-811-8754,(938)-202-0473,SSN,644-31-7539,https://randomuser.me/api/portraits/women/72.jpg,https://randomuser.me/api/portraits/med/women/72.jpg,https://randomuser.me/api/portraits/thumb/women/72.jpg,US
female,Miss,Robin,Berry,8992,Wycliff Ave,Des Moines,South Carolina,United States,73099,-69.5018,-175.6728,+7:00,"Bangkok, Hanoi, Jakarta",robin.berry@example.com,cf8f7376-e558-4663-9cdd-67dd59b5e4a7,orangemouse736,vC# %Qw:WSZ-CS6,licWGYh5,e209fd83489da183672667e9aa7c0536,ad1c27aaf9373d95918e53c318c941054192abfb,808a3a3599435d0a05e0973eaf617f757f1159b35c7692bde01e8140b0640fa1,1946-08-03T14:41:39.464Z,76,2014-06-07T17:31:11.683Z,8,(307)-450-0383,(609)-046-1683,SSN,873-12-6050,https://randomuser.me/api/portraits/women/77.jpg,https://randomuser.me/api/portraits/med/women/77.jpg,https://randomuser.me/api/portraits/thumb/women/77.jpg,US
female,Miss,Pearl,Holmes,7705,Stevens Creek Blvd,Forney,North Carolina,United States,41383,-78.4803,163.249,+9:00,"Tokyo, Seoul, Osaka, Sapporo, Yakutsk",pearl.holmes@example.com,0f7c0446-be65-4fba-8e1c-f2cfc448a856,yellowmeercat981,">X&,%k2s~^0[s",X2m9Y0FO,69c39623b1e4ff6223adc944f9a04938,c0db7a287c0efd0b1861a17516c8990267182866,0acfd0b527e39dc16ad2c978ea466d05f560692644ae77e83b6eba5d709e89be,1964-08-26T23:35:54.876Z,58,2017-07-14T04:48:34.926Z,5,(802)-174-2498,(528)-438-9832,SSN,079-19-0628,https://randomuser.me/api/portraits/women/60.jpg,https://randomuser.me/api/portraits/med/women/60.jpg,https://randomuser.me/api/portraits/thumb/women/60.jpg,US
female,Ms,Stacy,Lopez,4554,Northaven Rd,Burbank,Connecticut,United States,27397,3.994,-78.1419,+3:30,Tehran,stacy.lopez@example.com,f229c8d5-a744-4dbe-bd5a-a0e8c99b3ddc,happytiger300,UnA-T[RQH$,ritw74iX,e76026821d0d82208f60b355365b9030,76ed0a10750ff3637671e7f8920fa9a3f8c3e1a5,b2160ba68a3925fd12285031d4282e8d48f725b7d6688704025d6b4b38249ba4,1969-01-17T00:59:42.120Z,53,2018-05-23T14:16:41.290Z,4,(860)-709-9369,(386)-352-2322,SSN,542-29-7034,https://randomuser.me/api/portraits/women/56.jpg,https://randomuser.me/api/portraits/med/women/56.jpg,https://randomuser.me/api/portraits/thumb/women/56.jpg,US
female,Miss,Cassandra,Stevens,2635,Homestead Rd,Kansas City,South Dakota,United States,34554,33.5371,-118.4308,-8:00,Pacific Time (US & Canada),cassandra.stevens@example.com,26588ca8-c80c-4467-9884-861dc59a53eb,saddog766,"Hy*'.Y,RZ%.s",fhCkleUc,bb26d9a492ddd6fda60dc0bd59b9767f,2d47049987237e612a2749daf15c260ac032cccd,b536a06825858825d950fb0265012d3d999abd56a672817d0904fa39bdebf06b,1954-06-16T21:13:31.413Z,68,2011-11-14T00:16:42.192Z,11,(730)-568-8307,(826)-209-7956,SSN,263-43-8222,https://randomuser.me/api/portraits/women/50.jpg,https://randomuser.me/api/portraits/med/women/50.jpg,https://randomuser.me/api/portraits/thumb/women/50.jpg,US
female,Miss,Doris,Lewis,3925,Spring St,Plano,Alaska,United States,94779,-32.3097,178.5315,+11:00,"Magadan, Solomon Islands, New Caledonia",doris.lewis@example.com,c5c4a969-7ed3-4d39-abf0-b6c1ec0d72bb,happybird796," P,xuD%HW6Kd1S~,",iKahsFeV,84900923ec59e71199bcbbf4d0929cf5,5df1d8777a43677163ccd4cfbc40f481769b6802,5c13104b5a4140a8ab83f03f3e2aac59faf7e920cd288822e5b04991ecac6f14,1970-05-04T17:53:33.180Z,52,2014-10-07T05:09:41.508Z,8,(284)-497-4527,(652)-068-4468,SSN,525-13-8613,https://randomuser.me/api/portraits/women/17.jpg,https://randomuser.me/api/portraits/med/women/17.jpg,https://randomuser.me/api/portraits/thumb/women/17.jpg,US
female,Mrs,Sherri,Watson,6326,Harrison Ct,Broken Arrow,Oregon,United States,86935,11.2044,-175.8332,-6:00,"Central Time (US & Canada), Mexico City",sherri.watson@example.com,9d22dc97-e5d3-4041-bc5a-7751c85f1c12,beautifullion603,.TNrwD%<,4X5hT5hs,684ef4695f40f6c76e94b98353055057,f6f3767ed2a0371db3cba1cb6b8d02c4e2581631,3a94169bf01d5c2db8a1827251d323b1cef329a3359a78d0ca4fd88da38fccba,1980-08-20T22:47:45.776Z,42,2019-09-07T06:33:12.859Z,3,(378)-258-2056,(348)-603-3974,SSN,410-86-4607,https://randomuser.me/api/portraits/women/93.jpg,https://randomuser.me/api/portraits/med/women/93.jpg,https://randomuser.me/api/portraits/thumb/women/93.jpg,US
female,Mrs,Grace,Edwards,9041,Mcgowen St,Minneapolis,Nevada,United States,15871,56.3668,143.7386,0:00,"Western Europe Time, London, Lisbon, Casablanca",grace.edwards@example.com,f3cb220c-8c1e-4cd5-8008-d2989258f8ab,lazysnake139,4O3dm`Lx?;%)w,PuTbCK6R,095369da3f3ed2968e656f2b02affcae,6293638754fb8c1155c87d984c77500a0a0efc78,037da0dfe316b0ad5351fe893f8732a374e478cf400cef73e03ac014b8381472,1991-05-20T23:28:13.508Z,31,2005-08-22T01:46:31.964Z,17,(839)-870-9650,(712)-820-9034,SSN,266-16-9220,https://randomuser.me/api/portraits/women/12.jpg,https://randomuser.me/api/portraits/med/women/12.jpg,https://randomuser.me/api/portraits/thumb/women/12.jpg,US
female,Miss,Ann,Gonzales,9661,Sunset St,Lansing,Alaska,United States,13893,-83.5516,71.0499,-6:00,"Central Time (US & Canada), Mexico City",ann.gonzales@example.com,c60b7810-5d59-40e0-ba1a-e5ec524a0905,goldenbear186,v$Osn$mPM|a_K,TRDfub1r,2919d0e66639f1a40fd07595049b78ac,2f2dd1784841c6b28b6a79ab5abdda0a2d562fb8,cd70035842c896d341f2ca6c8402670d3fd4f99e9a1b9065fa99f6b7ec752408,1963-05-02T23:30:03.550Z,59,2003-06-18T21:10:57.504Z,19,(540)-871-4557,(515)-497-3210,SSN,890-38-1370,https://randomuser.me/api/portraits/women/34.jpg,https://randomuser.me/api/portraits/med/women/34.jpg,https://randomuser.me/api/portraits/thumb/women/34.jpg,US
female,Ms,Katie,Bennett,6758,Locust Rd,Greensboro,New York,United States,45190,47.2966,-31.4184,-12:00,"Eniwetok, Kwajalein",katie.bennett@example.com,3ecc5a5c-d3fd-4f8a-9391-20bed54e3df9,orangebutterfly284,"p$4 ]A,N",uTW3m2dl,01b6fc0e82a11d96e49905fe4b2741e6,739161a27dcbfebecf5c78daa468127b7ad55a25,e04a2315f0f092f72b27a9748df97d1e62d8e37493ed125a299ff07acbf13023,1992-01-21T08:00:41.679Z,30,2004-03-30T15:05:05.681Z,18,(486)-099-7332,(725)-702-4716,SSN,698-04-9889,https://randomuser.me/api/portraits/women/71.jpg,https://randomuser.me/api/portraits/med/women/71.jpg,https://randomuser.me/api/portraits/thumb/women/71.jpg,US
female,Ms,Erika,Herrera,2553,Timber Wolf Trail,Allentown,Wyoming,United States,38998,86.3455,-46.8848,+5:45,Kathmandu,erika.herrera@example.com,dad041b7-37ee-484e-a5de-d541cf2f1a3d,crazymouse697,">'<7)""D,",SfFGC9TF,57a182c092aea8bda484b034416e3593,bebba045c8dec0c2a97516153141ac4647156d72,946c6e40daf4d346bff099437bd47da0c627afe637fe2a0c002a4bf08ee4ce11,1956-12-12T06:53:41.417Z,66,2018-12-01T12:35:40.113Z,4,(715)-698-5896,(967)-190-9764,SSN,768-90-7309,https://randomuser.me/api/portraits/women/42.jpg,https://randomuser.me/api/portraits/med/women/42.jpg,https://randomuser.me/api/portraits/thumb/women/42.jpg,US
female,Mrs,Ellen,Mccoy,3069,Hickory Creek Dr,Honolulu,Minnesota,United States,35313,-58.5152,137.7002,-10:00,Hawaii,ellen.mccoy@example.com,8e978123-4245-4fe2-858c-528388606e37,bluewolf498,Pi0XJ]w.,3282VCuo,c732af40dc9609065aae5ac1df39b5d6,57338d4eb44300d4f5fdd6f2669326b59d0bd823,f4db120e97ec97d6bd1b0d8e710115e3684ceaebbf5a39cb5801da014a7fcca1,1953-01-06T11:55:45.281Z,69,2004-04-19T23:36:38.621Z,18,(019)-817-1451,(282)-793-5442,SSN,182-44-9589,https://randomuser.me/api/portraits/women/53.jpg,https://randomuser.me/api/portraits/med/women/53.jpg,https://randomuser.me/api/portraits/thumb/women/53.jpg,US
female,Ms,Nora,Hughes,6864,Depaul Dr,Las Cruces,Washington,United States,10308,76.2046,29.1778,+4:30,Kabul,nora.hughes@example.com,d90b1ef5-9f5d-4a69-8463-39634fb056a2,happyrabbit591,<`/i<>1'F0&,pYgmqGUj,c3ee32a9813e91f47288dbeb2a05c908,dba47d40a1b56c82c3110759e0b01c145a139cd4,3a8b5e42aecd91abeb20c60f759bc5e49f45156ca1114f84ffee35471b9ccdcf,1953-01-17T10:39:35.813Z,69,2008-11-29T10:39:52.003Z,14,(507)-235-8385,(529)-833-9342,SSN,677-84-4554,https://randomuser.me/api/portraits/women/57.jpg,https://randomuser.me/api/portraits/med/women/57.jpg,https://randomuser.me/api/portraits/thumb/women/57.jpg,US
female,Ms,Kim,Powell,4338,Dane St,Chesapeake,West Virginia,United States,54337,66.1405,-64.7829,+11:00,"Magadan, Solomon Islands, New Caledonia",kim.powell@example.com,2467c412-7221-4c08-ae11-2928902db2b2,bluemeercat354,"""b:}%9(n'a",hf3VncKc,d940ed8d7f7447d6beecb7307eb87cb5,5528c6336b41777bf344721fd3873455bc054ae4,8757511ec3f5308983de426a4c2ecab5c194da18db051bf2b05bd4bdde6b1f6b,1972-04-08T01:51:46.059Z,50,2005-03-02T17:04:30.248Z,17,(296)-847-0853,(758)-557-1063,SSN,358-18-0215,https://randomuser.me/api/portraits/women/39.jpg,https://randomuser.me/api/portraits/med/women/39.jpg,https://randomuser.me/api/portraits/thumb/women/39.jpg,US
female,Mrs,Jackie,Barrett,3330,Spring St,Santa Ana,Michigan,United States,83668,9.1702,8.7314,-4:00,"Atlantic Time (Canada), Caracas, La Paz",jackie.barrett@example.com,c509add4-0bc4-4941-ace8-a39565c34344,orangedog821,)f'pe$C}{$5E},dOdVptjo,208e318ec35534ae72276c85dd3f8f95,690ee765b398c28efee791dfa3f9e6220581b487,2dc345aa3374854f1297acb9d5f6aefbbb554a26c2af3acd6e2e0d3aabd88699,1997-02-20T04:14:25.108Z,25,2009-03-04T22:48:27.687Z,13,(578)-770-2510,(203)-458-6290,SSN,513-74-1855,https://randomuser.me/api/portraits/women/39.jpg,https://randomuser.me/api/portraits/med/women/39.jpg,https://randomuser.me/api/portraits/thumb/women/39.jpg,US
female,Mrs,Paula,Murray,3306,Daisy Dr,Lafayette,New Hampshire,United States,17132,4.4492,-133.7821,+3:00,"Baghdad, Riyadh, Moscow, St. Petersburg",paula.murray@example.com,f6ca0f29-0148-41cf-882d-d6069f7ae852,ticklishmeercat895,Qz8#~33MY4^2,syIptUsE,56061d04d7dc46de2900fc71857f40db,91ba7e487d283a159aee08f8427a807fe3670bd7,4e22b4d49eb0f7f7f3c96af6c0450072857a873ceb72f62f3d87c61607abd4de,1959-06-20T13:54:36.673Z,63,2019-08-21T12:34:13.700Z,3,(338)-578-2091,(958)-679-8700,SSN,767-39-5875,https://randomuser.me/api/portraits/women/12.jpg,https://randomuser.me/api/portraits/med/women/12.jpg,https://randomuser.me/api/portraits/thumb/women/12.jpg,US
female,Ms,Patsy,Gilbert,4510,Thornridge Cir,Salinas,Pennsylvania,United States,47883,-12.5103,-161.7713,+8:00,"Beijing, Perth, Singapore, Hong Kong",patsy.gilbert@example.com,c7b24d66-ec79-43ca-8409-e67ae83925db,yellowtiger957,+h%7_X;D/K,0pNsdiNZ,af93ffdeed745e281ea1b367a04cbab2,f84575a2b33cf9ce08721bc604ba45d17f705806,5d26da249629fdcef0433a857cbbb00b59539d0705900fbcab2210c10ee769b3,1975-09-12T06:08:45.855Z,47,2011-06-16T15:04:01.800Z,11,(118)-490-7801,(998)-364-6611,SSN,142-00-0923,https://randomuser.me/api/portraits/women/81.jpg,https://randomuser.me/api/portraits/med/women/81.jpg,https://randomuser.me/api/portraits/thumb/women/81.jpg,US
female,Miss,Nellie,Rodriquez,3196,E Center St,Fontana,Connecticut,United States,69503,-59.6397,-36.052,-1:00,"Azores, Cape Verde Islands",nellie.rodriquez@example.com,9df73a51-bdec-4e2b-a141-287cd603088a,redleopard660,"T)\MwE,?6?AwKp`4",ixXdLGPp,75de2a183b6f851ac9ce7ee6d1451373,ae5ec36070cdb5fa683a5561f790282e299110c7,126b067ec567650c9afdc3c6e1b316cbeb91c1bce3aef1be34eee1aea85cbe73,1973-10-30T12:47:47.486Z,49,2007-12-08T02:09:49.040Z,15,(989)-423-2498,(941)-503-0672,SSN,598-96-4025,https://randomuser.me/api/portraits/women/12.jpg,https://randomuser.me/api/portraits/med/women/12.jpg,https://randomuser.me/api/portraits/thumb/women/12.jpg,US
female,Mrs,Vickie,Fisher,9155,Shady Ln Dr,Lansing,North Carolina,United States,29716,89.4753,167.029,+9:30,"Adelaide, Darwin",vickie.fisher@example.com,5cd38e30-9a57-4e90-96ec-7730ea690b95,brownleopard493,CCo8nYq`xpq,eVGnSA00,4acd9a8074b4d22f6ba3ae33c733f229,c776f4e5f1967f1e396cba02f3a668b9dbf7af3b,96fdea82c1e86978665d33f6b92275728912348b3f688cf12a6e91cec2d2db5c,1967-10-15T03:58:18.504Z,55,2010-08-31T17:01:09.705Z,12,(343)-006-4867,(665)-382-8999,SSN,411-50-3613,https://randomuser.me/api/portraits/women/88.jpg,https://randomuser.me/api/portraits/med/women/88.jpg,https://randomuser.me/api/portraits/thumb/women/88.jpg,US
female,Ms,Florence,Berry,6044,Oak Ridge Ln,Albuquerque,Nebraska,United States,41911,-49.4685,12.7713,+9:00,"Tokyo, Seoul, Osaka, Sapporo, Yakutsk",florence.berry@example.com,7e7881a5-b079-4eba-b7ea-c47d3201d7d0,whiteostrich241,lncP8S:<,91DKtQYC,370f121301352b083893074d150d9510,dd37727cba5f4163c39311d77e1efd8b1ffe0030,38a5ba5d1737616793456aaff33247f91c6a8eabbb347114838d79fb4430cc18,1975-10-20T07:49:00.302Z,47,2012-08-13T02:27:45.877Z,10,(119)-233-2429,(753)-466-4173,SSN,536-49-2043,https://randomuser.me/api/portraits/women/72.jpg,https://randomuser.me/api/portraits/med/women/72.jpg,https://randomuser.me/api/portraits/thumb/women/72.jpg,US
female,Ms,Joanne,Turner,1175,Photinia Ave,Elizabeth,North Carolina,United States,74307,65.4955,-109.6709,+9:30,"Adelaide, Darwin",joanne.turner@example.com,2e5fcc1f-981b-433d-b0f0-6749a2af4408,whitepeacock163,MU_&_W5*,XdQ5xfos,5b412757276db92d81deef10cefe0e7c,c1cd408848c83fb4bf4915503d086593628395b3,e9d5072596061df4a81d75de1232dd811fd39ee142319405ceec8d673968ca58,1984-07-12T01:04:39.159Z,38,2007-04-30T18:14:16.038Z,15,(710)-002-9095,(706)-699-7376,SSN,273-90-4352,https://randomuser.me/api/portraits/women/74.jpg,https://randomuser.me/api/portraits/med/women/74.jpg,https://randomuser.me/api/portraits/thumb/women/74.jpg,US
female,Miss,Amanda,Fields,6578,White Oak Dr,Riverside,Maine,United States,90291,-81.2361,-67.1814,+10:00,"Eastern Australia, Guam, Vladivostok",amanda.fields@example.com,53fc700b-b715-40d4-ad08-dc0c875a4750,lazygoose597,[H^8@-hME,RByBdyNn,0624f45096acd395a3d98afe5bff807a,3e791a00e80512bda167ec03d1131765fc66ee58,d6647932fe167ef836b9615949d0fc4a7ff71ea1659ee3570850683f2cea9170,1981-10-04T03:50:10.112Z,41,2004-10-27T08:53:33.825Z,18,(452)-017-2880,(326)-750-3775,SSN,276-88-5586,https://randomuser.me/api/portraits/women/94.jpg,https://randomuser.me/api/portraits/med/women/94.jpg,https://randomuser.me/api/portraits/thumb/women/94.jpg,US
female,Ms,Sophia,Robertson,1976,Poplar Dr,Waxahachie,New Jersey,United States,59536,-72.7223,-55.6666,-11:00,"Midway Island, Samoa",sophia.robertson@example.com,15860ec2-689b-4928-aec6-320df05d15b1,crazykoala519,"Z'<up""3qK)7m",xS4Rz4al,a471b9e10497c64599e41cd7c7b7de76,b5b7f9e93921d7d2b98381248ca6da37606ff4ea,16c566edeefcb44f91a8310c73b65f1b6e38a16803df9db616b768a25da6eab9,1977-08-23T14:10:10.169Z,45,2010-07-29T10:37:33.995Z,12,(858)-260-2870,(435)-626-3841,SSN,608-23-1186,https://randomuser.me/api/portraits/women/19.jpg,https://randomuser.me/api/portraits/med/women/19.jpg,https://randomuser.me/api/portraits/thumb/women/19.jpg,US
female,Ms,Mildred,Ray,2600,Saddle Dr,Arlington,Georgia,United States,97352,68.5224,4.3823,-4:00,"Atlantic Time (Canada), Caracas, La Paz",mildred.ray@example.com,0f0a76a6-5bce-43d0-a0c0-f04527813e1b,redtiger848,"V;\RN@6""])qSm&",uGSrAAay,6b4503cc62f601efea168ceee946b1ea,31470f3330b48ed5ee326f4dde2969e6003711e7,7afb8ae6fac741bde05141a2b1bffa239371e643572587365619c87a2e8edb1e,1997-06-19T18:14:44.899Z,25,2013-02-05T13:34:54.642Z,9,(125)-180-1612,(517)-228-1180,SSN,000-21-2828,https://randomuser.me/api/portraits/women/85.jpg,https://randomuser.me/api/portraits/med/women/85.jpg,https://randomuser.me/api/portraits/thumb/women/85.jpg,US
female,Mrs,Sue,Fuller,6488,Spring Hill Rd,Kent,Washington,United States,16603,-6.8623,141.1909,+4:00,"Abu Dhabi, Muscat, Baku, Tbilisi",sue.fuller@example.com,a0ffc554-c38c-4037-81aa-fd06fddfc56e,crazyfish961,"|IgHh1}""*",PXVfd8FE,757017e55c3c23f1a809856d0da080b2,9b03983749280f8ee110b0bfc1ecc8998d9bbf9a,3437dd139996a33d6d582316972f45b9558d4b8f9946661114069291e636f1eb,1950-03-25T18:55:18.571Z,72,2006-07-02T04:28:24.503Z,16,(538)-646-8304,(571)-467-7638,SSN,000-02-2768,https://randomuser.me/api/portraits/women/39.jpg,https://randomuser.me/api/portraits/med/women/39.jpg,https://randomuser.me/api/portraits/thumb/women/39.jpg,US
